Year,NDVI,BSI,VV,VH,VV_VH_ratio
2019,0.721280039473038,-0.23402485588092667,-8.837542966305996,-15.27629527410204,6.438752309851682
2020,0.7410636940068421,-0.24579513394276759,-8.529723099780151,-15.010679523821395,6.480956420782689
2021,0.7610089605466881,-0.2721424369589385,-8.401841416143958,-15.013135727091665,6.611294311247988
2022,0.7462153968106291,-0.270536053478297,-8.286826005342682,-14.80340295673785,6.516576951105274
2023,0.7267305512270895,-0.24853957514733557,-8.591395501700056,-15.172207968756325,6.580812466398457
2024,0.7209123397955565,-0.2457378672163223,-8.413136364386517,-14.97067764084791,6.557541284691703
2025,0.7111204510227711,-0.2540721056268703,-8.31685043412284,-14.991866382792516,6.675015949551372
