Threshold,Value
T1,0.085184
T2,0.246924
T3,0.486403
