Rank,Feature,Importance,Year
1,NDWI,0.135778,2021
2,NDVI,0.115459,2021
3,BSI,0.10847,2021
4,EVI,0.1078,2021
5,Clay,0.093203,2021
6,MSAVI2,0.084998,2021
7,VV_VH_ratio,0.078311,2021
8,VV,0.077289,2021
9,Ferrous,0.072032,2021
10,NBR,0.068891,2021
11,VH,0.057769,2021
