Rank,Feature,Importance,Year
1,NDWI,0.158425,2024
2,NDVI,0.119698,2024
3,BSI,0.104025,2024
4,EVI,0.095753,2024
5,VV_VH_ratio,0.091261,2024
6,VV,0.084442,2024
7,Clay,0.075197,2024
8,Ferrous,0.073204,2024
9,MSAVI2,0.070978,2024
10,NBR,0.070538,2024
11,VH,0.05648,2024
