Rank,Feature,Importance,Year
1,NDWI,0.145198,2023
2,NDVI,0.126365,2023
3,BSI,0.10246,2023
4,EVI,0.09564,2023
5,NBR,0.087812,2023
6,Clay,0.086644,2023
7,Ferrous,0.085842,2023
8,MSAVI2,0.077821,2023
9,VV,0.067831,2023
10,VV_VH_ratio,0.063753,2023
11,VH,0.060635,2023
